{
    "title": "DRAMA",
    "description": "Used for learning Roku development",
    "items": [
        {
            "id": "D123",
            "title": "Drama One",
            "description": "Lorem ipsum dolor sit amet, consectetur adipiscing elit. Sed molestie velit sit amet rhoncus sodales. Suspendisse dignissim maximus mattis. Nullam ornare consectetur velit, ac pretium turpis. Nullam consequat ornare tincidunt.",
            "thumbnail": "https://github.com/NeilWong/crash-course/blob/master/server/roku_lessons/images/thumbnail-drama1.jpg?raw=true",
            "url":"https://broken",
            "streamformat":"hls"
        },
        {
            "id": "D456",
            "title": "Drama Two",
            "description": "Lorem ipsum dolor sit amet, consectetur adipiscing elit. Sed molestie velit sit amet rhoncus sodales. Suspendisse dignissim maximus mattis. Nullam ornare consectetur velit, ac pretium turpis. Nullam consequat ornare tincidunt.",
            "thumbnail": "https://github.com/NeilWong/crash-course/blob/master/server/roku_lessons/images/thumbnail-drama2.jpg?raw=true",
            "url":"https://devstreaming-cdn.apple.com/videos/streaming/examples/bipbop_16x9/bipbop_16x9_variant.m3u8",
            "streamformat":"hls"
        },
        {
            "id": "D789",
            "title": "Drama Three",
            "description": "Lorem ipsum dolor sit amet, consectetur adipiscing elit. Sed molestie velit sit amet rhoncus sodales. Suspendisse dignissim maximus mattis. Nullam ornare consectetur velit, ac pretium turpis. Nullam consequat ornare tincidunt.",
            "thumbnail": "https://github.com/NeilWong/crash-course/blob/master/server/roku_lessons/images/thumbnail-drama3.jpg?raw=true",
            "url":"https://devstreaming-cdn.apple.com/videos/streaming/examples/bipbop_16x9/bipbop_16x9_variant.m3u8",
            "streamformat":"hls"
        },
        {
            "id": "D012",
            "title": "Drama Four",
            "description": "Lorem ipsum dolor sit amet, consectetur adipiscing elit. Sed molestie velit sit amet rhoncus sodales. Suspendisse dignissim maximus mattis. Nullam ornare consectetur velit, ac pretium turpis. Nullam consequat ornare tincidunt.",
            "thumbnail": "https://github.com/NeilWong/crash-course/blob/master/server/roku_lessons/images/thumbnail-drama4.jpg?raw=true",
            "url":"https://devstreaming-cdn.apple.com/videos/streaming/examples/bipbop_16x9/bipbop_16x9_variant.m3u8",
            "streamformat":"hls"
        },
        {
            "id": "D123",
            "title": "Video",
            "description": "Yes.",
            "thumbnail": "https://github.com/NeilWong/crash-course/blob/master/server/roku_lessons/images/thumbnail-drama5.jpg?raw=true",
            "url":"https://devstreaming-cdn.apple.com/videos/streaming/examples/bipbop_16x9/bipbop_16x9_variant.m3u8",
            "streamformat":"hls"
        }
    ]
}
