<?xml version="1.0" encoding="utf-8" ?>
<component name="category_screen" extends="Group">
  <script type="text/brightscript" uri="pkg:/components/screens/category_screen.brs" />
  <children>
    <!-- color="0x000000" -->
    <Label
      translation="[75, 150]"
        id="env"
        font="font:LargeBoldSystemFont"
        text="PICK A CATEGORY:"/>
    <RadioButtonList
      id="category_list"
      translation="[100, 200]"
      itemSize="[400,48]"
    >
    <ContentNode id = "categories" role = "content" >
      <category_node title ="DRAMA" feed_url="https://raw.githubusercontent.com/NeilWong/roku-lessons/master/json/RokuLessonJsonDrama.json"/>
      <category_node title = "COMEDY" feed_url="https://raw.githubusercontent.com/NeilWong/roku-lessons/master/json/RokuLessonJsonComedy.json"/>
      <category_node title = "HORROR" feed_url="https://raw.githubusercontent.com/NeilWong/roku-lessons/master/json/RokuLessonJsonHorror.json"/>
    </ContentNode>
    </RadioButtonList>
  </children>
  <interface>
    <field id="category_selected"
            type="assocarray"
            alias="category_list.itemSelected"
        />
  </interface>
</component>
